iso_code,continent,location,date,total_cases,new_cases,total_deaths,new_deaths,total_cases_per_million,new_cases_per_million,total_deaths_per_million,new_deaths_per_million,new_tests,total_tests,total_tests_per_thousand,new_tests_per_thousand,new_tests_smoothed,new_tests_smoothed_per_thousand,tests_units,stringency_index,population,population_density,median_age,aged_65_older,aged_70_older,gdp_per_capita,extreme_poverty,cardiovasc_death_rate,diabetes_prevalence,female_smokers,male_smokers,handwashing_facilities,hospital_beds_per_thousand,life_expectancy
KOR,Asia,South Korea,2020-07-23,13938.0,59.0,297.0,0.0,271.859,1.151,5.793,0.0,9116.0,1479436.0,28.856,0.178,8785.0,0.171,people tested,,51269183.0,527.967,43.4,13.914,8.622,35938.374,0.2,85.998,6.8,6.2,40.9,,12.27,83.03
KOR,Asia,South Korea,2020-07-24,13979.0,41.0,298.0,1.0,272.659,0.8,5.812,0.02,10332.0,1489768.0,29.058,0.202,8837.0,0.172,people tested,,51269183.0,527.967,43.4,13.914,8.622,35938.374,0.2,85.998,6.8,6.2,40.9,,12.27,83.03
KOR,Asia,South Korea,2020-07-25,14092.0,113.0,298.0,0.0,274.863,2.204,5.812,0.0,9185.0,1498953.0,29.237,0.179,8810.0,0.172,people tested,,51269183.0,527.967,43.4,13.914,8.622,35938.374,0.2,85.998,6.8,6.2,40.9,,12.27,83.03
KOR,Asia,South Korea,2020-07-26,14150.0,58.0,298.0,0.0,275.994,1.131,5.812,0.0,4759.0,1503712.0,29.33,0.093,8624.0,0.168,people tested,,51269183.0,527.967,43.4,13.914,8.622,35938.374,0.2,85.998,6.8,6.2,40.9,,12.27,83.03
SSD,Africa,South Sudan,2020-04-06,1.0,1.0,0.0,0.0,0.089,0.089,0.0,0.0,,,,,,,,70.37,11193729.0,,19.2,3.441,2.032,1569.888,,280.775,10.43,,,,,57.85
SSD,Africa,South Sudan,2020-04-07,1.0,0.0,0.0,0.0,0.089,0.0,0.0,0.0,,,,,,,,70.37,11193729.0,,19.2,3.441,2.032,1569.888,,280.775,10.43,,,,,57.85
SSD,Africa,South Sudan,2020-04-08,1.0,0.0,0.0,0.0,0.089,0.0,0.0,0.0,,,,,,,,70.37,11193729.0,,19.2,3.441,2.032,1569.888,,280.775,10.43,,,,,57.85
SSD,Africa,South Sudan,2020-04-09,2.0,1.0,0.0,0.0,0.179,0.089,0.0,0.0,,,,,,,,70.37,11193729.0,,19.2,3.441,2.032,1569.888,,280.775,10.43,,,,,57.85
SSD,Africa,South Sudan,2020-04-10,2.0,0.0,0.0,0.0,0.179,0.0,0.0,0.0,,,,,,,,70.37,11193729.0,,19.2,3.441,2.032,1569.888,,280.775,10.43,,,,,57.85
SSD,Africa,South Sudan,2020-04-11,3.0,1.0,0.0,0.0,0.268,0.089,0.0,0.0,,,,,,,,70.37,11193729.0,,19.2,3.441,2.032,1569.888,,280.775,10.43,,,,,57.85
SSD,Africa,South Sudan,2020-04-12,4.0,1.0,0.0,0.0,0.357,0.089,0.0,0.0,,,,,,,,81.48,11193729.0,,19.2,3.441,2.032,1569.888,,280.775,10.43,,,,,57.85
SSD,Africa,South Sudan,2020-04-13,4.0,0.0,0.0,0.0,0.357,0.0,0.0,0.0,,,,,,,,81.48,11193729.0,,19.2,3.441,2.032,1569.888,,280.775,10.43,,,,,57.85
SSD,Africa,South Sudan,2020-04-14,4.0,0.0,0.0,0.0,0.357,0.0,0.0,0.0,,,,,,,,81.48,11193729.0,,19.2,3.441,2.032,1569.888,,280.775,10.43,,,,,57.85
SSD,Africa,South Sudan,2020-04-15,4.0,0.0,0.0,0.0,0.357,0.0,0.0,0.0,,,,,,,,81.48,11193729.0,,19.2,3.441,2.032,1569.888,,280.775,10.43,,,,,57.85
SSD,Africa,South Sudan,2020-04-16,4.0,0.0,0.0,0.0,0.357,0.0,0.0,0.0,,,,,,,,81.48,11193729.0,,19.2,3.441,2.032,1569.888,,280.775,10.43,,,,,57.85
SSD,Africa,South Sudan,2020-04-17,4.0,0.0,0.0,0.0,0.357,0.0,0.0,0.0,,,,,,,,81.48,11193729.0,,19.2,3.441,2.032,1569.888,,280.775,10.43,,,,,57.85
SSD,Africa,South Sudan,2020-04-18,4.0,0.0,0.0,0.0,0.357,0.0,0.0,0.0,,,,,,,,83.33,11193729.0,,19.2,3.441,2.032,1569.888,,280.775,10.43,,,,,57.85
SSD,Africa,South Sudan,2020-04-19,4.0,0.0,0.0,0.0,0.357,0.0,0.0,0.0,,,,,,,,83.33,11193729.0,,19.2,3.441,2.032,1569.888,,280.775,10.43,,,,,57.85
SSD,Africa,South Sudan,2020-04-20,4.0,0.0,0.0,0.0,0.357,0.0,0.0,0.0,,,,,,,,83.33,11193729.0,,19.2,3.441,2.032,1569.888,,280.775,10.43,,,,,57.85
SSD,Africa,South Sudan,2020-04-21,4.0,0.0,0.0,0.0,0.357,0.0,0.0,0.0,,,,,,,,83.33,11193729.0,,19.2,3.441,2.032,1569.888,,280.775,10.43,,,,,57.85
SSD,Africa,South Sudan,2020-04-22,4.0,0.0,0.0,0.0,0.357,0.0,0.0,0.0,,,,,,,,83.33,11193729.0,,19.2,3.441,2.032,1569.888,,280.775,10.43,,,,,57.85
SSD,Africa,South Sudan,2020-04-23,4.0,0.0,0.0,0.0,0.357,0.0,0.0,0.0,,,,,,,,83.33,11193729.0,,19.2,3.441,2.032,1569.888,,280.775,10.43,,,,,57.85
SSD,Africa,South Sudan,2020-04-24,4.0,0.0,0.0,0.0,0.357,0.0,0.0,0.0,,,,,,,,83.33,11193729.0,,19.2,3.441,2.032,1569.888,,280.775,10.43,,,,,57.85
SSD,Africa,South Sudan,2020-04-25,5.0,1.0,0.0,0.0,0.447,0.089,0.0,0.0,,,,,,,,83.33,11193729.0,,19.2,3.441,2.032,1569.888,,280.775,10.43,,,,,57.85
SSD,Africa,South Sudan,2020-04-26,5.0,0.0,0.0,0.0,0.447,0.0,0.0,0.0,,,,,,,,83.33,11193729.0,,19.2,3.441,2.032,1569.888,,280.775,10.43,,,,,57.85
SSD,Africa,South Sudan,2020-04-27,6.0,1.0,0.0,0.0,0.536,0.089,0.0,0.0,,,,,,,,83.33,11193729.0,,19.2,3.441,2.032,1569.888,,280.775,10.43,,,,,57.85
SSD,Africa,South Sudan,2020-04-28,6.0,0.0,0.0,0.0,0.536,0.0,0.0,0.0,,,,,,,,83.33,11193729.0,,19.2,3.441,2.032,1569.888,,280.775,10.43,,,,,57.85
SSD,Africa,South Sudan,2020-04-29,34.0,28.0,0.0,0.0,3.037,2.501,0.0,0.0,,,,,,,,83.33,11193729.0,,19.2,3.441,2.032,1569.888,,280.775,10.43,,,,,57.85
SSD,Africa,South Sudan,2020-04-30,34.0,0.0,0.0,0.0,3.037,0.0,0.0,0.0,,,,,,,,83.33,11193729.0,,19.2,3.441,2.032,1569.888,,280.775,10.43,,,,,57.85
SSD,Africa,South Sudan,2020-05-01,35.0,1.0,0.0,0.0,3.127,0.089,0.0,0.0,,,,,,,,83.33,11193729.0,,19.2,3.441,2.032,1569.888,,280.775,10.43,,,,,57.85
SSD,Africa,South Sudan,2020-05-02,45.0,10.0,0.0,0.0,4.02,0.893,0.0,0.0,,,,,,,,83.33,11193729.0,,19.2,3.441,2.032,1569.888,,280.775,10.43,,,,,57.85
SSD,Africa,South Sudan,2020-05-03,45.0,0.0,0.0,0.0,4.02,0.0,0.0,0.0,,,,,,,,83.33,11193729.0,,19.2,3.441,2.032,1569.888,,280.775,10.43,,,,,57.85
SSD,Africa,South Sudan,2020-05-04,46.0,1.0,0.0,0.0,4.109,0.089,0.0,0.0,,,,,,,,83.33,11193729.0,,19.2,3.441,2.032,1569.888,,280.775,10.43,,,,,57.85
SSD,Africa,South Sudan,2020-05-05,46.0,0.0,0.0,0.0,4.109,0.0,0.0,0.0,,,,,,,,83.33,11193729.0,,19.2,3.441,2.032,1569.888,,280.775,10.43,,,,,57.85
SSD,Africa,South Sudan,2020-05-06,52.0,6.0,0.0,0.0,4.645,0.536,0.0,0.0,,,,,,,,83.33,11193729.0,,19.2,3.441,2.032,1569.888,,280.775,10.43,,,,,57.85
SSD,Africa,South Sudan,2020-05-07,74.0,22.0,0.0,0.0,6.611,1.965,0.0,0.0,,,,,,,,79.63,11193729.0,,19.2,3.441,2.032,1569.888,,280.775,10.43,,,,,57.85
SSD,Africa,South Sudan,2020-05-08,90.0,16.0,0.0,0.0,8.04,1.429,0.0,0.0,,,,,,,,75.93,11193729.0,,19.2,3.441,2.032,1569.888,,280.775,10.43,,,,,57.85
SSD,Africa,South Sudan,2020-05-09,120.0,30.0,0.0,0.0,10.72,2.68,0.0,0.0,,,,,,,,75.93,11193729.0,,19.2,3.441,2.032,1569.888,,280.775,10.43,,,,,57.85
SSD,Africa,South Sudan,2020-05-10,143.0,23.0,0.0,0.0,12.775,2.055,0.0,0.0,,,,,,,,75.93,11193729.0,,19.2,3.441,2.032,1569.888,,280.775,10.43,,,,,57.85
SSD,Africa,South Sudan,2020-05-11,156.0,13.0,0.0,0.0,13.936,1.161,0.0,0.0,,,,,,,,75.93,11193729.0,,19.2,3.441,2.032,1569.888,,280.775,10.43,,,,,57.85
SSD,Africa,South Sudan,2020-05-12,156.0,0.0,0.0,0.0,13.936,0.0,0.0,0.0,,,,,,,,70.37,11193729.0,,19.2,3.441,2.032,1569.888,,280.775,10.43,,,,,57.85
SSD,Africa,South Sudan,2020-05-13,194.0,38.0,0.0,0.0,17.331,3.395,0.0,0.0,,,,,,,,70.37,11193729.0,,19.2,3.441,2.032,1569.888,,280.775,10.43,,,,,57.85
SSD,Africa,South Sudan,2020-05-14,203.0,9.0,0.0,0.0,18.135,0.804,0.0,0.0,,,,,,,,70.37,11193729.0,,19.2,3.441,2.032,1569.888,,280.775,10.43,,,,,57.85
SSD,Africa,South Sudan,2020-05-15,231.0,28.0,1.0,1.0,20.637,2.501,0.089,0.089,,,,,,,,70.37,11193729.0,,19.2,3.441,2.032,1569.888,,280.775,10.43,,,,,57.85
SSD,Africa,South Sudan,2020-05-16,236.0,5.0,4.0,3.0,21.083,0.447,0.357,0.268,,,,,,,,70.37,11193729.0,,19.2,3.441,2.032,1569.888,,280.775,10.43,,,,,57.85
SSD,Africa,South Sudan,2020-05-17,236.0,0.0,4.0,0.0,21.083,0.0,0.357,0.0,,,,,,,,70.37,11193729.0,,19.2,3.441,2.032,1569.888,,280.775,10.43,,,,,57.85
SSD,Africa,South Sudan,2020-05-18,282.0,46.0,4.0,0.0,25.193,4.109,0.357,0.0,,,,,,,,70.37,11193729.0,,19.2,3.441,2.032,1569.888,,280.775,10.43,,,,,57.85
SSD,Africa,South Sudan,2020-05-19,282.0,0.0,4.0,0.0,25.193,0.0,0.357,0.0,,,,,,,,70.37,11193729.0,,19.2,3.441,2.032,1569.888,,280.775,10.43,,,,,57.85
SSD,Africa,South Sudan,2020-05-20,285.0,3.0,6.0,2.0,25.461,0.268,0.536,0.179,,,,,,,,70.37,11193729.0,,19.2,3.441,2.032,1569.888,,280.775,10.43,,,,,57.85
SSD,Africa,South Sudan,2020-05-21,285.0,0.0,6.0,0.0,25.461,0.0,0.536,0.0,,,,,,,,70.37,11193729.0,,19.2,3.441,2.032,1569.888,,280.775,10.43,,,,,57.85
SSD,Africa,South Sudan,2020-05-22,339.0,54.0,6.0,0.0,30.285,4.824,0.536,0.0,,,,,,,,70.37,11193729.0,,19.2,3.441,2.032,1569.888,,280.775,10.43,,,,,57.85
SSD,Africa,South Sudan,2020-05-23,339.0,0.0,6.0,0.0,30.285,0.0,0.536,0.0,,,,,,,,70.37,11193729.0,,19.2,3.441,2.032,1569.888,,280.775,10.43,,,,,57.85
SSD,Africa,South Sudan,2020-05-24,563.0,224.0,6.0,0.0,50.296,20.011,0.536,0.0,,,,,,,,70.37,11193729.0,,19.2,3.441,2.032,1569.888,,280.775,10.43,,,,,57.85
SSD,Africa,South Sudan,2020-05-25,563.0,0.0,6.0,0.0,50.296,0.0,0.536,0.0,,,,,,,,70.37,11193729.0,,19.2,3.441,2.032,1569.888,,280.775,10.43,,,,,57.85
SSD,Africa,South Sudan,2020-05-26,655.0,92.0,8.0,2.0,58.515,8.219,0.715,0.179,,,,,,,,70.37,11193729.0,,19.2,3.441,2.032,1569.888,,280.775,10.43,,,,,57.85
SSD,Africa,South Sudan,2020-05-27,806.0,151.0,8.0,0.0,72.005,13.49,0.715,0.0,,,,,,,,70.37,11193729.0,,19.2,3.441,2.032,1569.888,,280.775,10.43,,,,,57.85
SSD,Africa,South Sudan,2020-05-28,806.0,0.0,8.0,0.0,72.005,0.0,0.715,0.0,,,,,,,,70.37,11193729.0,,19.2,3.441,2.032,1569.888,,280.775,10.43,,,,,57.85
SSD,Africa,South Sudan,2020-05-29,806.0,0.0,8.0,0.0,72.005,0.0,0.715,0.0,,,,,,,,86.57,11193729.0,,19.2,3.441,2.032,1569.888,,280.775,10.43,,,,,57.85
SSD,Africa,South Sudan,2020-05-30,994.0,188.0,10.0,2.0,88.8,16.795,0.893,0.179,,,,,,,,86.57,11193729.0,,19.2,3.441,2.032,1569.888,,280.775,10.43,,,,,57.85
SSD,Africa,South Sudan,2020-05-31,994.0,0.0,10.0,0.0,88.8,0.0,0.893,0.0,,,,,,,,86.57,11193729.0,,19.2,3.441,2.032,1569.888,,280.775,10.43,,,,,57.85
SSD,Africa,South Sudan,2020-06-01,994.0,0.0,10.0,0.0,88.8,0.0,0.893,0.0,,,,,,,,86.57,11193729.0,,19.2,3.441,2.032,1569.888,,280.775,10.43,,,,,57.85
SSD,Africa,South Sudan,2020-06-02,994.0,0.0,10.0,0.0,88.8,0.0,0.893,0.0,,,,,,,,86.57,11193729.0,,19.2,3.441,2.032,1569.888,,280.775,10.43,,,,,57.85
SSD,Africa,South Sudan,2020-06-03,994.0,0.0,10.0,0.0,88.8,0.0,0.893,0.0,,,,,,,,86.57,11193729.0,,19.2,3.441,2.032,1569.888,,280.775,10.43,,,,,57.85
SSD,Africa,South Sudan,2020-06-04,994.0,0.0,10.0,0.0,88.8,0.0,0.893,0.0,,,,,,,,86.57,11193729.0,,19.2,3.441,2.032,1569.888,,280.775,10.43,,,,,57.85
SSD,Africa,South Sudan,2020-06-05,1317.0,323.0,14.0,4.0,117.655,28.855,1.251,0.357,,,,,,,,86.57,11193729.0,,19.2,3.441,2.032,1569.888,,280.775,10.43,,,,,57.85
SSD,Africa,South Sudan,2020-06-06,1317.0,0.0,14.0,0.0,117.655,0.0,1.251,0.0,,,,,,,,86.57,11193729.0,,19.2,3.441,2.032,1569.888,,280.775,10.43,,,,,57.85
SSD,Africa,South Sudan,2020-06-07,1317.0,0.0,14.0,0.0,117.655,0.0,1.251,0.0,,,,,,,,86.57,11193729.0,,19.2,3.441,2.032,1569.888,,280.775,10.43,,,,,57.85
SSD,Africa,South Sudan,2020-06-08,1317.0,0.0,14.0,0.0,117.655,0.0,1.251,0.0,,,,,,,,86.57,11193729.0,,19.2,3.441,2.032,1569.888,,280.775,10.43,,,,,57.85
SSD,Africa,South Sudan,2020-06-09,1604.0,287.0,19.0,5.0,143.295,25.639,1.697,0.447,,,,,,,,86.57,11193729.0,,19.2,3.441,2.032,1569.888,,280.775,10.43,,,,,57.85
SSD,Africa,South Sudan,2020-06-10,1604.0,0.0,19.0,0.0,143.295,0.0,1.697,0.0,,,,,,,,86.57,11193729.0,,19.2,3.441,2.032,1569.888,,280.775,10.43,,,,,57.85
SSD,Africa,South Sudan,2020-06-11,1604.0,0.0,19.0,0.0,143.295,0.0,1.697,0.0,,,,,,,,86.57,11193729.0,,19.2,3.441,2.032,1569.888,,280.775,10.43,,,,,57.85
SSD,Africa,South Sudan,2020-06-12,1604.0,0.0,19.0,0.0,143.295,0.0,1.697,0.0,,,,,,,,86.57,11193729.0,,19.2,3.441,2.032,1569.888,,280.775,10.43,,,,,57.85
SSD,Africa,South Sudan,2020-06-13,1670.0,66.0,22.0,3.0,149.191,5.896,1.965,0.268,,,,,,,,86.57,11193729.0,,19.2,3.441,2.032,1569.888,,280.775,10.43,,,,,57.85
SSD,Africa,South Sudan,2020-06-14,1693.0,23.0,27.0,5.0,151.245,2.055,2.412,0.447,,,,,,,,86.57,11193729.0,,19.2,3.441,2.032,1569.888,,280.775,10.43,,,,,57.85
SSD,Africa,South Sudan,2020-06-15,1693.0,0.0,27.0,0.0,151.245,0.0,2.412,0.0,,,,,,,,86.57,11193729.0,,19.2,3.441,2.032,1569.888,,280.775,10.43,,,,,57.85
SSD,Africa,South Sudan,2020-06-16,1755.0,62.0,30.0,3.0,156.784,5.539,2.68,0.268,,,,,,,,86.57,11193729.0,,19.2,3.441,2.032,1569.888,,280.775,10.43,,,,,57.85
SSD,Africa,South Sudan,2020-06-17,1776.0,21.0,30.0,0.0,158.66,1.876,2.68,0.0,,,,,,,,86.57,11193729.0,,19.2,3.441,2.032,1569.888,,280.775,10.43,,,,,57.85
SSD,Africa,South Sudan,2020-06-18,1807.0,31.0,31.0,1.0,161.43,2.769,2.769,0.089,,,,,,,,86.57,11193729.0,,19.2,3.441,2.032,1569.888,,280.775,10.43,,,,,57.85
SSD,Africa,South Sudan,2020-06-19,1813.0,6.0,31.0,0.0,161.966,0.536,2.769,0.0,,,,,,,,86.57,11193729.0,,19.2,3.441,2.032,1569.888,,280.775,10.43,,,,,57.85
SSD,Africa,South Sudan,2020-06-20,1813.0,0.0,31.0,0.0,161.966,0.0,2.769,0.0,,,,,,,,86.57,11193729.0,,19.2,3.441,2.032,1569.888,,280.775,10.43,,,,,57.85
SSD,Africa,South Sudan,2020-06-21,1864.0,51.0,34.0,3.0,166.522,4.556,3.037,0.268,,,,,,,,86.57,11193729.0,,19.2,3.441,2.032,1569.888,,280.775,10.43,,,,,57.85
SSD,Africa,South Sudan,2020-06-22,1882.0,18.0,34.0,0.0,168.13,1.608,3.037,0.0,,,,,,,,86.57,11193729.0,,19.2,3.441,2.032,1569.888,,280.775,10.43,,,,,57.85
SSD,Africa,South Sudan,2020-06-23,1892.0,10.0,34.0,0.0,169.023,0.893,3.037,0.0,,,,,,,,86.57,11193729.0,,19.2,3.441,2.032,1569.888,,280.775,10.43,,,,,57.85
SSD,Africa,South Sudan,2020-06-24,1916.0,24.0,35.0,1.0,171.167,2.144,3.127,0.089,,,,,,,,86.57,11193729.0,,19.2,3.441,2.032,1569.888,,280.775,10.43,,,,,57.85
SSD,Africa,South Sudan,2020-06-25,1930.0,14.0,36.0,1.0,172.418,1.251,3.216,0.089,,,,,,,,86.57,11193729.0,,19.2,3.441,2.032,1569.888,,280.775,10.43,,,,,57.85
SSD,Africa,South Sudan,2020-06-26,1942.0,12.0,36.0,0.0,173.49,1.072,3.216,0.0,,,,,,,,86.57,11193729.0,,19.2,3.441,2.032,1569.888,,280.775,10.43,,,,,57.85
SSD,Africa,South Sudan,2020-06-27,1952.0,10.0,36.0,0.0,174.383,0.893,3.216,0.0,,,,,,,,86.57,11193729.0,,19.2,3.441,2.032,1569.888,,280.775,10.43,,,,,57.85
SSD,Africa,South Sudan,2020-06-28,1958.0,6.0,36.0,0.0,174.919,0.536,3.216,0.0,,,,,,,,86.57,11193729.0,,19.2,3.441,2.032,1569.888,,280.775,10.43,,,,,57.85
SSD,Africa,South Sudan,2020-06-29,1989.0,31.0,36.0,0.0,177.689,2.769,3.216,0.0,,,,,,,,86.57,11193729.0,,19.2,3.441,2.032,1569.888,,280.775,10.43,,,,,57.85
SSD,Africa,South Sudan,2020-06-30,2006.0,17.0,37.0,1.0,179.207,1.519,3.305,0.089,,,,,,,,86.57,11193729.0,,19.2,3.441,2.032,1569.888,,280.775,10.43,,,,,57.85
SSD,Africa,South Sudan,2020-07-01,2006.0,0.0,37.0,0.0,179.207,0.0,3.305,0.0,,,,,,,,86.57,11193729.0,,19.2,3.441,2.032,1569.888,,280.775,10.43,,,,,57.85
SSD,Africa,South Sudan,2020-07-02,2006.0,0.0,37.0,0.0,179.207,0.0,3.305,0.0,,,,,,,,86.57,11193729.0,,19.2,3.441,2.032,1569.888,,280.775,10.43,,,,,57.85
SSD,Africa,South Sudan,2020-07-03,2036.0,30.0,38.0,1.0,181.888,2.68,3.395,0.089,,,,,,,,86.57,11193729.0,,19.2,3.441,2.032,1569.888,,280.775,10.43,,,,,57.85
SSD,Africa,South Sudan,2020-07-04,2036.0,0.0,38.0,0.0,181.888,0.0,3.395,0.0,,,,,,,,86.57,11193729.0,,19.2,3.441,2.032,1569.888,,280.775,10.43,,,,,57.85
SSD,Africa,South Sudan,2020-07-05,2036.0,0.0,38.0,0.0,181.888,0.0,3.395,0.0,,,,,,,,86.57,11193729.0,,19.2,3.441,2.032,1569.888,,280.775,10.43,,,,,57.85
SSD,Africa,South Sudan,2020-07-06,2036.0,0.0,38.0,0.0,181.888,0.0,3.395,0.0,,,,,,,,86.57,11193729.0,,19.2,3.441,2.032,1569.888,,280.775,10.43,,,,,57.85
SSD,Africa,South Sudan,2020-07-07,2093.0,57.0,40.0,2.0,186.98,5.092,3.573,0.179,,,,,,,,86.57,11193729.0,,19.2,3.441,2.032,1569.888,,280.775,10.43,,,,,57.85
SSD,Africa,South Sudan,2020-07-08,2098.0,5.0,40.0,0.0,187.426,0.447,3.573,0.0,,,,,,,,81.94,11193729.0,,19.2,3.441,2.032,1569.888,,280.775,10.43,,,,,57.85
SSD,Africa,South Sudan,2020-07-09,2106.0,8.0,40.0,0.0,188.141,0.715,3.573,0.0,,,,,,,,81.94,11193729.0,,19.2,3.441,2.032,1569.888,,280.775,10.43,,,,,57.85
SSD,Africa,South Sudan,2020-07-10,2113.0,7.0,40.0,0.0,188.766,0.625,3.573,0.0,,,,,,,,81.94,11193729.0,,19.2,3.441,2.032,1569.888,,280.775,10.43,,,,,57.85
SSD,Africa,South Sudan,2020-07-11,2129.0,16.0,41.0,1.0,190.196,1.429,3.663,0.089,,,,,,,,81.94,11193729.0,,19.2,3.441,2.032,1569.888,,280.775,10.43,,,,,57.85
SSD,Africa,South Sudan,2020-07-12,2129.0,0.0,41.0,0.0,190.196,0.0,3.663,0.0,,,,,,,,81.94,11193729.0,,19.2,3.441,2.032,1569.888,,280.775,10.43,,,,,57.85
SSD,Africa,South Sudan,2020-07-13,2139.0,10.0,41.0,0.0,191.089,0.893,3.663,0.0,,,,,,,,81.94,11193729.0,,19.2,3.441,2.032,1569.888,,280.775,10.43,,,,,57.85
SSD,Africa,South Sudan,2020-07-14,2148.0,9.0,41.0,0.0,191.893,0.804,3.663,0.0,,,,,,,,81.94,11193729.0,,19.2,3.441,2.032,1569.888,,280.775,10.43,,,,,57.85
SSD,Africa,South Sudan,2020-07-15,2148.0,0.0,41.0,0.0,191.893,0.0,3.663,0.0,,,,,,,,81.94,11193729.0,,19.2,3.441,2.032,1569.888,,280.775,10.43,,,,,57.85
SSD,Africa,South Sudan,2020-07-16,2153.0,5.0,41.0,0.0,192.34,0.447,3.663,0.0,,,,,,,,,11193729.0,,19.2,3.441,2.032,1569.888,,280.775,10.43,,,,,57.85
SSD,Africa,South Sudan,2020-07-17,2171.0,18.0,41.0,0.0,193.948,1.608,3.663,0.0,,,,,,,,,11193729.0,,19.2,3.441,2.032,1569.888,,280.775,10.43,,,,,57.85
SSD,Africa,South Sudan,2020-07-18,2191.0,20.0,43.0,2.0,195.735,1.787,3.841,0.179,,,,,,,,,11193729.0,,19.2,3.441,2.032,1569.888,,280.775,10.43,,,,,57.85
SSD,Africa,South Sudan,2020-07-19,2191.0,0.0,43.0,0.0,195.735,0.0,3.841,0.0,,,,,,,,,11193729.0,,19.2,3.441,2.032,1569.888,,280.775,10.43,,,,,57.85
SSD,Africa,South Sudan,2020-07-20,2200.0,9.0,43.0,0.0,196.539,0.804,3.841,0.0,,,,,,,,,11193729.0,,19.2,3.441,2.032,1569.888,,280.775,10.43,,,,,57.85
SSD,Africa,South Sudan,2020-07-21,2211.0,11.0,45.0,2.0,197.521,0.983,4.02,0.179,,,,,,,,,11193729.0,,19.2,3.441,2.032,1569.888,,280.775,10.43,,,,,57.85
SSD,Africa,South Sudan,2020-07-22,2211.0,0.0,45.0,0.0,197.521,0.0,4.02,0.0,,,,,,,,,11193729.0,,19.2,3.441,2.032,1569.888,,280.775,10.43,,,,,57.85
SSD,Africa,South Sudan,2020-07-23,2211.0,0.0,45.0,0.0,197.521,0.0,4.02,0.0,,,,,,,,,11193729.0,,19.2,3.441,2.032,1569.888,,280.775,10.43,,,,,57.85
SSD,Africa,South Sudan,2020-07-24,2239.0,28.0,45.0,0.0,200.023,2.501,4.02,0.0,,,,,,,,,11193729.0,,19.2,3.441,2.032,1569.888,,280.775,10.43,,,,,57.85
SSD,Africa,South Sudan,2020-07-25,2258.0,19.0,45.0,0.0,201.72,1.697,4.02,0.0,,,,,,,,,11193729.0,,19.2,3.441,2.032,1569.888,,280.775,10.43,,,,,57.85
SSD,Africa,South Sudan,2020-07-26,2258.0,0.0,45.0,0.0,201.72,0.0,4.02,0.0,,,,,,,,,11193729.0,,19.2,3.441,2.032,1569.888,,280.775,10.43,,,,,57.85
ESP,Europe,Spain,2019-12-31,0.0,0.0,0.0,0.0,0.0,0.0,0.0,0.0,,,,,,,,,46754783.0,93.105,45.5,19.436,13.799,34272.36,1.0,99.403,7.17,27.4,31.4,,2.97,83.56
ESP,Europe,Spain,2020-01-01,0.0,0.0,0.0,0.0,0.0,0.0,0.0,0.0,,,,,,,,0.0,46754783.0,93.105,45.5,19.436,13.799,34272.36,1.0,99.403,7.17,27.4,31.4,,2.97,83.56
ESP,Europe,Spain,2020-01-02,0.0,0.0,0.0,0.0,0.0,0.0,0.0,0.0,,,,,,,,0.0,46754783.0,93.105,45.5,19.436,13.799,34272.36,1.0,99.403,7.17,27.4,31.4,,2.97,83.56
ESP,Europe,Spain,2020-01-03,0.0,0.0,0.0,0.0,0.0,0.0,0.0,0.0,,,,,,,,0.0,46754783.0,93.105,45.5,19.436,13.799,34272.36,1.0,99.403,7.17,27.4,31.4,,2.97,83.56
ESP,Europe,Spain,2020-01-04,0.0,0.0,0.0,0.0,0.0,0.0,0.0,0.0,,,,,,,,0.0,46754783.0,93.105,45.5,19.436,13.799,34272.36,1.0,99.403,7.17,27.4,31.4,,2.97,83.56
ESP,Europe,Spain,2020-01-05,0.0,0.0,0.0,0.0,0.0,0.0,0.0,0.0,,,,,,,,0.0,46754783.0,93.105,45.5,19.436,13.799,34272.36,1.0,99.403,7.17,27.4,31.4,,2.97,83.56
ESP,Europe,Spain,2020-01-06,0.0,0.0,0.0,0.0,0.0,0.0,0.0,0.0,,,,,,,,0.0,46754783.0,93.105,45.5,19.436,13.799,34272.36,1.0,99.403,7.17,27.4,31.4,,2.97,83.56
ESP,Europe,Spain,2020-01-07,0.0,0.0,0.0,0.0,0.0,0.0,0.0,0.0,,,,,,,,0.0,46754783.0,93.105,45.5,19.436,13.799,34272.36,1.0,99.403,7.17,27.4,31.4,,2.97,83.56
ESP,Europe,Spain,2020-01-08,0.0,0.0,0.0,0.0,0.0,0.0,0.0,0.0,,,,,,,,0.0,46754783.0,93.105,45.5,19.436,13.799,34272.36,1.0,99.403,7.17,27.4,31.4,,2.97,83.56
ESP,Europe,Spain,2020-01-09,0.0,0.0,0.0,0.0,0.0,0.0,0.0,0.0,,,,,,,,0.0,46754783.0,93.105,45.5,19.436,13.799,34272.36,1.0,99.403,7.17,27.4,31.4,,2.97,83.56
ESP,Europe,Spain,2020-01-10,0.0,0.0,0.0,0.0,0.0,0.0,0.0,0.0,,,,,,,,0.0,46754783.0,93.105,45.5,19.436,13.799,34272.36,1.0,99.403,7.17,27.4,31.4,,2.97,83.56
ESP,Europe,Spain,2020-01-11,0.0,0.0,0.0,0.0,0.0,0.0,0.0,0.0,,,,,,,,0.0,46754783.0,93.105,45.5,19.436,13.799,34272.36,1.0,99.403,7.17,27.4,31.4,,2.97,83.56
ESP,Europe,Spain,2020-01-12,0.0,0.0,0.0,0.0,0.0,0.0,0.0,0.0,,,,,,,,0.0,46754783.0,93.105,45.5,19.436,13.799,34272.36,1.0,99.403,7.17,27.4,31.4,,2.97,83.56
ESP,Europe,Spain,2020-01-13,0.0,0.0,0.0,0.0,0.0,0.0,0.0,0.0,,,,,,,,0.0,46754783.0,93.105,45.5,19.436,13.799,34272.36,1.0,99.403,7.17,27.4,31.4,,2.97,83.56
ESP,Europe,Spain,2020-01-14,0.0,0.0,0.0,0.0,0.0,0.0,0.0,0.0,,,,,,,,0.0,46754783.0,93.105,45.5,19.436,13.799,34272.36,1.0,99.403,7.17,27.4,31.4,,2.97,83.56
ESP,Europe,Spain,2020-01-15,0.0,0.0,0.0,0.0,0.0,0.0,0.0,0.0,,,,,,,,0.0,46754783.0,93.105,45.5,19.436,13.799,34272.36,1.0,99.403,7.17,27.4,31.4,,2.97,83.56
ESP,Europe,Spain,2020-01-16,0.0,0.0,0.0,0.0,0.0,0.0,0.0,0.0,,,,,,,,0.0,46754783.0,93.105,45.5,19.436,13.799,34272.36,1.0,99.403,7.17,27.4,31.4,,2.97,83.56
ESP,Europe,Spain,2020-01-17,0.0,0.0,0.0,0.0,0.0,0.0,0.0,0.0,,,,,,,,0.0,46754783.0,93.105,45.5,19.436,13.799,34272.36,1.0,99.403,7.17,27.4,31.4,,2.97,83.56
ESP,Europe,Spain,2020-01-18,0.0,0.0,0.0,0.0,0.0,0.0,0.0,0.0,,,,,,,,0.0,46754783.0,93.105,45.5,19.436,13.799,34272.36,1.0,99.403,7.17,27.4,31.4,,2.97,83.56
ESP,Europe,Spain,2020-01-19,0.0,0.0,0.0,0.0,0.0,0.0,0.0,0.0,,,,,,,,0.0,46754783.0,93.105,45.5,19.436,13.799,34272.36,1.0,99.403,7.17,27.4,31.4,,2.97,83.56
ESP,Europe,Spain,2020-01-20,0.0,0.0,0.0,0.0,0.0,0.0,0.0,0.0,,,,,,,,0.0,46754783.0,93.105,45.5,19.436,13.799,34272.36,1.0,99.403,7.17,27.4,31.4,,2.97,83.56
ESP,Europe,Spain,2020-01-21,0.0,0.0,0.0,0.0,0.0,0.0,0.0,0.0,,,,,,,,0.0,46754783.0,93.105,45.5,19.436,13.799,34272.36,1.0,99.403,7.17,27.4,31.4,,2.97,83.56
ESP,Europe,Spain,2020-01-22,0.0,0.0,0.0,0.0,0.0,0.0,0.0,0.0,,,,,,,,0.0,46754783.0,93.105,45.5,19.436,13.799,34272.36,1.0,99.403,7.17,27.4,31.4,,2.97,83.56
ESP,Europe,Spain,2020-01-23,0.0,0.0,0.0,0.0,0.0,0.0,0.0,0.0,,,,,,,,0.0,46754783.0,93.105,45.5,19.436,13.799,34272.36,1.0,99.403,7.17,27.4,31.4,,2.97,83.56
ESP,Europe,Spain,2020-01-24,0.0,0.0,0.0,0.0,0.0,0.0,0.0,0.0,,,,,,,,0.0,46754783.0,93.105,45.5,19.436,13.799,34272.36,1.0,99.403,7.17,27.4,31.4,,2.97,83.56
ESP,Europe,Spain,2020-01-25,0.0,0.0,0.0,0.0,0.0,0.0,0.0,0.0,,,,,,,,0.0,46754783.0,93.105,45.5,19.436,13.799,34272.36,1.0,99.403,7.17,27.4,31.4,,2.97,83.56
ESP,Europe,Spain,2020-01-26,0.0,0.0,0.0,0.0,0.0,0.0,0.0,0.0,,,,,,,,0.0,46754783.0,93.105,45.5,19.436,13.799,34272.36,1.0,99.403,7.17,27.4,31.4,,2.97,83.56
ESP,Europe,Spain,2020-01-27,0.0,0.0,0.0,0.0,0.0,0.0,0.0,0.0,,,,,,,,0.0,46754783.0,93.105,45.5,19.436,13.799,34272.36,1.0,99.403,7.17,27.4,31.4,,2.97,83.56
ESP,Europe,Spain,2020-01-28,0.0,0.0,0.0,0.0,0.0,0.0,0.0,0.0,,,,,,,,0.0,46754783.0,93.105,45.5,19.436,13.799,34272.36,1.0,99.403,7.17,27.4,31.4,,2.97,83.56
ESP,Europe,Spain,2020-01-29,0.0,0.0,0.0,0.0,0.0,0.0,0.0,0.0,,,,,,,,0.0,46754783.0,93.105,45.5,19.436,13.799,34272.36,1.0,99.403,7.17,27.4,31.4,,2.97,83.56
ESP,Europe,Spain,2020-01-30,0.0,0.0,0.0,0.0,0.0,0.0,0.0,0.0,,,,,,,,0.0,46754783.0,93.105,45.5,19.436,13.799,34272.36,1.0,99.403,7.17,27.4,31.4,,2.97,83.56
ESP,Europe,Spain,2020-01-31,0.0,0.0,0.0,0.0,0.0,0.0,0.0,0.0,,,,,,,,11.11,46754783.0,93.105,45.5,19.436,13.799,34272.36,1.0,99.403,7.17,27.4,31.4,,2.97,83.56
ESP,Europe,Spain,2020-02-01,1.0,1.0,0.0,0.0,0.021,0.021,0.0,0.0,,,,,,,,11.11,46754783.0,93.105,45.5,19.436,13.799,34272.36,1.0,99.403,7.17,27.4,31.4,,2.97,83.56
ESP,Europe,Spain,2020-02-02,1.0,0.0,0.0,0.0,0.021,0.0,0.0,0.0,,,,,,,,11.11,46754783.0,93.105,45.5,19.436,13.799,34272.36,1.0,99.403,7.17,27.4,31.4,,2.97,83.56
ESP,Europe,Spain,2020-02-03,1.0,0.0,0.0,0.0,0.021,0.0,0.0,0.0,,,,,,,,11.11,46754783.0,93.105,45.5,19.436,13.799,34272.36,1.0,99.403,7.17,27.4,31.4,,2.97,83.56
ESP,Europe,Spain,2020-02-04,1.0,0.0,0.0,0.0,0.021,0.0,0.0,0.0,,,,,,,,11.11,46754783.0,93.105,45.5,19.436,13.799,34272.36,1.0,99.403,7.17,27.4,31.4,,2.97,83.56
ESP,Europe,Spain,2020-02-05,1.0,0.0,0.0,0.0,0.021,0.0,0.0,0.0,,,,,,,,11.11,46754783.0,93.105,45.5,19.436,13.799,34272.36,1.0,99.403,7.17,27.4,31.4,,2.97,83.56
ESP,Europe,Spain,2020-02-06,1.0,0.0,0.0,0.0,0.021,0.0,0.0,0.0,,,,,,,,11.11,46754783.0,93.105,45.5,19.436,13.799,34272.36,1.0,99.403,7.17,27.4,31.4,,2.97,83.56
ESP,Europe,Spain,2020-02-07,1.0,0.0,0.0,0.0,0.021,0.0,0.0,0.0,,,,,,,,11.11,46754783.0,93.105,45.5,19.436,13.799,34272.36,1.0,99.403,7.17,27.4,31.4,,2.97,83.56
ESP,Europe,Spain,2020-02-08,1.0,0.0,0.0,0.0,0.021,0.0,0.0,0.0,,,,,,,,11.11,46754783.0,93.105,45.5,19.436,13.799,34272.36,1.0,99.403,7.17,27.4,31.4,,2.97,83.56
ESP,Europe,Spain,2020-02-09,1.0,0.0,0.0,0.0,0.021,0.0,0.0,0.0,,,,,,,,11.11,46754783.0,93.105,45.5,19.436,13.799,34272.36,1.0,99.403,7.17,27.4,31.4,,2.97,83.56
ESP,Europe,Spain,2020-02-10,2.0,1.0,0.0,0.0,0.043,0.021,0.0,0.0,,,,,,,,11.11,46754783.0,93.105,45.5,19.436,13.799,34272.36,1.0,99.403,7.17,27.4,31.4,,2.97,83.56
ESP,Europe,Spain,2020-02-11,2.0,0.0,0.0,0.0,0.043,0.0,0.0,0.0,,,,,,,,11.11,46754783.0,93.105,45.5,19.436,13.799,34272.36,1.0,99.403,7.17,27.4,31.4,,2.97,83.56
ESP,Europe,Spain,2020-02-12,2.0,0.0,0.0,0.0,0.043,0.0,0.0,0.0,,,,,,,,11.11,46754783.0,93.105,45.5,19.436,13.799,34272.36,1.0,99.403,7.17,27.4,31.4,,2.97,83.56
ESP,Europe,Spain,2020-02-13,2.0,0.0,0.0,0.0,0.043,0.0,0.0,0.0,,,,,,,,11.11,46754783.0,93.105,45.5,19.436,13.799,34272.36,1.0,99.403,7.17,27.4,31.4,,2.97,83.56
ESP,Europe,Spain,2020-02-14,2.0,0.0,0.0,0.0,0.043,0.0,0.0,0.0,,,,,,,,11.11,46754783.0,93.105,45.5,19.436,13.799,34272.36,1.0,99.403,7.17,27.4,31.4,,2.97,83.56
ESP,Europe,Spain,2020-02-15,2.0,0.0,0.0,0.0,0.043,0.0,0.0,0.0,,,,,,,,11.11,46754783.0,93.105,45.5,19.436,13.799,34272.36,1.0,99.403,7.17,27.4,31.4,,2.97,83.56
ESP,Europe,Spain,2020-02-16,2.0,0.0,0.0,0.0,0.043,0.0,0.0,0.0,,,,,,,,11.11,46754783.0,93.105,45.5,19.436,13.799,34272.36,1.0,99.403,7.17,27.4,31.4,,2.97,83.56
ESP,Europe,Spain,2020-02-17,2.0,0.0,0.0,0.0,0.043,0.0,0.0,0.0,,,,,,,,11.11,46754783.0,93.105,45.5,19.436,13.799,34272.36,1.0,99.403,7.17,27.4,31.4,,2.97,83.56
ESP,Europe,Spain,2020-02-18,2.0,0.0,0.0,0.0,0.043,0.0,0.0,0.0,,,,,,,,11.11,46754783.0,93.105,45.5,19.436,13.799,34272.36,1.0,99.403,7.17,27.4,31.4,,2.97,83.56
ESP,Europe,Spain,2020-02-19,2.0,0.0,0.0,0.0,0.043,0.0,0.0,0.0,,,,,,,,11.11,46754783.0,93.105,45.5,19.436,13.799,34272.36,1.0,99.403,7.17,27.4,31.4,,2.97,83.56
ESP,Europe,Spain,2020-02-20,2.0,0.0,0.0,0.0,0.043,0.0,0.0,0.0,,,,,,,,11.11,46754783.0,93.105,45.5,19.436,13.799,34272.36,1.0,99.403,7.17,27.4,31.4,,2.97,83.56
ESP,Europe,Spain,2020-02-21,2.0,0.0,0.0,0.0,0.043,0.0,0.0,0.0,,,,,,,,11.11,46754783.0,93.105,45.5,19.436,13.799,34272.36,1.0,99.403,7.17,27.4,31.4,,2.97,83.56
ESP,Europe,Spain,2020-02-22,2.0,0.0,0.0,0.0,0.043,0.0,0.0,0.0,,,,,,,,11.11,46754783.0,93.105,45.5,19.436,13.799,34272.36,1.0,99.403,7.17,27.4,31.4,,2.97,83.56
ESP,Europe,Spain,2020-02-23,2.0,0.0,0.0,0.0,0.043,0.0,0.0,0.0,,,,,,,,11.11,46754783.0,93.105,45.5,19.436,13.799,34272.36,1.0,99.403,7.17,27.4,31.4,,2.97,83.56
ESP,Europe,Spain,2020-02-24,2.0,0.0,0.0,0.0,0.043,0.0,0.0,0.0,,,,,,,,11.11,46754783.0,93.105,45.5,19.436,13.799,34272.36,1.0,99.403,7.17,27.4,31.4,,2.97,83.56
ESP,Europe,Spain,2020-02-25,3.0,1.0,0.0,0.0,0.064,0.021,0.0,0.0,,,,,,,,11.11,46754783.0,93.105,45.5,19.436,13.799,34272.36,1.0,99.403,7.17,27.4,31.4,,2.97,83.56
ESP,Europe,Spain,2020-02-26,9.0,6.0,0.0,0.0,0.192,0.128,0.0,0.0,,,,,,,,11.11,46754783.0,93.105,45.5,19.436,13.799,34272.36,1.0,99.403,7.17,27.4,31.4,,2.97,83.56
ESP,Europe,Spain,2020-02-27,17.0,8.0,0.0,0.0,0.364,0.171,0.0,0.0,,,,,,,,11.11,46754783.0,93.105,45.5,19.436,13.799,34272.36,1.0,99.403,7.17,27.4,31.4,,2.97,83.56
ESP,Europe,Spain,2020-02-28,35.0,18.0,0.0,0.0,0.749,0.385,0.0,0.0,,,,,,,,11.11,46754783.0,93.105,45.5,19.436,13.799,34272.36,1.0,99.403,7.17,27.4,31.4,,2.97,83.56
ESP,Europe,Spain,2020-02-29,54.0,19.0,0.0,0.0,1.155,0.406,0.0,0.0,,,,,,,,11.11,46754783.0,93.105,45.5,19.436,13.799,34272.36,1.0,99.403,7.17,27.4,31.4,,2.97,83.56
ESP,Europe,Spain,2020-03-01,82.0,28.0,0.0,0.0,1.754,0.599,0.0,0.0,,,,,,,,11.11,46754783.0,93.105,45.5,19.436,13.799,34272.36,1.0,99.403,7.17,27.4,31.4,,2.97,83.56
ESP,Europe,Spain,2020-03-02,136.0,54.0,0.0,0.0,2.909,1.155,0.0,0.0,,,,,,,,11.11,46754783.0,93.105,45.5,19.436,13.799,34272.36,1.0,99.403,7.17,27.4,31.4,,2.97,83.56
ESP,Europe,Spain,2020-03-03,192.0,56.0,0.0,0.0,4.107,1.198,0.0,0.0,,,,,,,,11.11,46754783.0,93.105,45.5,19.436,13.799,34272.36,1.0,99.403,7.17,27.4,31.4,,2.97,83.56
ESP,Europe,Spain,2020-03-04,267.0,75.0,0.0,0.0,5.711,1.604,0.0,0.0,,,,,,,,11.11,46754783.0,93.105,45.5,19.436,13.799,34272.36,1.0,99.403,7.17,27.4,31.4,,2.97,83.56
ESP,Europe,Spain,2020-03-05,348.0,81.0,1.0,1.0,7.443,1.732,0.021,0.021,,,,,,,,11.11,46754783.0,93.105,45.5,19.436,13.799,34272.36,1.0,99.403,7.17,27.4,31.4,,2.97,83.56
ESP,Europe,Spain,2020-03-06,531.0,183.0,3.0,2.0,11.357,3.914,0.064,0.043,,,,,,,,11.11,46754783.0,93.105,45.5,19.436,13.799,34272.36,1.0,99.403,7.17,27.4,31.4,,2.97,83.56
ESP,Europe,Spain,2020-03-07,764.0,233.0,5.0,2.0,16.341,4.983,0.107,0.043,,,,,,,,11.11,46754783.0,93.105,45.5,19.436,13.799,34272.36,1.0,99.403,7.17,27.4,31.4,,2.97,83.56
ESP,Europe,Spain,2020-03-08,1094.0,330.0,5.0,0.0,23.399,7.058,0.107,0.0,,,,,,,,11.11,46754783.0,93.105,45.5,19.436,13.799,34272.36,1.0,99.403,7.17,27.4,31.4,,2.97,83.56
ESP,Europe,Spain,2020-03-09,1527.0,433.0,5.0,0.0,32.66,9.261,0.107,0.0,,,,,,,,25.0,46754783.0,93.105,45.5,19.436,13.799,34272.36,1.0,99.403,7.17,27.4,31.4,,2.97,83.56
ESP,Europe,Spain,2020-03-10,2299.0,772.0,28.0,23.0,49.171,16.512,0.599,0.492,,,,,,,,45.83,46754783.0,93.105,45.5,19.436,13.799,34272.36,1.0,99.403,7.17,27.4,31.4,,2.97,83.56
ESP,Europe,Spain,2020-03-11,3274.0,975.0,35.0,7.0,70.025,20.853,0.749,0.15,,,,,,,,45.83,46754783.0,93.105,45.5,19.436,13.799,34272.36,1.0,99.403,7.17,27.4,31.4,,2.97,83.56
ESP,Europe,Spain,2020-03-12,4427.0,1153.0,47.0,12.0,94.685,24.661,1.005,0.257,,,,,,,,45.83,46754783.0,93.105,45.5,19.436,13.799,34272.36,1.0,99.403,7.17,27.4,31.4,,2.97,83.56
ESP,Europe,Spain,2020-03-13,5958.0,1531.0,84.0,37.0,127.431,32.745,1.797,0.791,,,,,,,,45.83,46754783.0,93.105,45.5,19.436,13.799,34272.36,1.0,99.403,7.17,27.4,31.4,,2.97,83.56
ESP,Europe,Spain,2020-03-14,7641.0,1683.0,121.0,37.0,163.427,35.996,2.588,0.791,,,,,,,,67.13,46754783.0,93.105,45.5,19.436,13.799,34272.36,1.0,99.403,7.17,27.4,31.4,,2.97,83.56
ESP,Europe,Spain,2020-03-15,9785.0,2144.0,136.0,15.0,209.283,45.856,2.909,0.321,,,,,,,,67.13,46754783.0,93.105,45.5,19.436,13.799,34272.36,1.0,99.403,7.17,27.4,31.4,,2.97,83.56
ESP,Europe,Spain,2020-03-16,11491.0,1706.0,288.0,152.0,245.772,36.488,6.16,3.251,,,,,,,,68.98,46754783.0,93.105,45.5,19.436,13.799,34272.36,1.0,99.403,7.17,27.4,31.4,,2.97,83.56
ESP,Europe,Spain,2020-03-17,13994.0,2503.0,309.0,21.0,299.306,53.535,6.609,0.449,,,,,,,,71.76,46754783.0,93.105,45.5,19.436,13.799,34272.36,1.0,99.403,7.17,27.4,31.4,,2.97,83.56
ESP,Europe,Spain,2020-03-18,17688.0,3694.0,491.0,182.0,378.314,79.008,10.502,3.893,,,,,,,,71.76,46754783.0,93.105,45.5,19.436,13.799,34272.36,1.0,99.403,7.17,27.4,31.4,,2.97,83.56
ESP,Europe,Spain,2020-03-19,21735.0,4047.0,598.0,107.0,464.872,86.558,12.79,2.289,,,,,,,,71.76,46754783.0,93.105,45.5,19.436,13.799,34272.36,1.0,99.403,7.17,27.4,31.4,,2.97,83.56
ESP,Europe,Spain,2020-03-20,26304.0,4569.0,767.0,169.0,562.595,97.723,16.405,3.615,,,,,,,,71.76,46754783.0,93.105,45.5,19.436,13.799,34272.36,1.0,99.403,7.17,27.4,31.4,,2.97,83.56
ESP,Europe,Spain,2020-03-21,31750.0,5446.0,1002.0,235.0,679.075,116.48,21.431,5.026,,,,,,,,71.76,46754783.0,93.105,45.5,19.436,13.799,34272.36,1.0,99.403,7.17,27.4,31.4,,2.97,83.56
ESP,Europe,Spain,2020-03-22,36616.0,4866.0,1326.0,324.0,783.15,104.075,28.361,6.93,,,,,,,,71.76,46754783.0,93.105,45.5,19.436,13.799,34272.36,1.0,99.403,7.17,27.4,31.4,,2.97,83.56
ESP,Europe,Spain,2020-03-23,41262.0,4646.0,1720.0,394.0,882.519,99.37,36.788,8.427,,,,,,,,71.76,46754783.0,93.105,45.5,19.436,13.799,34272.36,1.0,99.403,7.17,27.4,31.4,,2.97,83.56
ESP,Europe,Spain,2020-03-24,48953.0,7691.0,2182.0,462.0,1047.016,164.497,46.669,9.881,,,,,,,,71.76,46754783.0,93.105,45.5,19.436,13.799,34272.36,1.0,99.403,7.17,27.4,31.4,,2.97,83.56
ESP,Europe,Spain,2020-03-25,57506.0,8553.0,2696.0,514.0,1229.949,182.933,57.663,10.994,,,,,,,,71.76,46754783.0,93.105,45.5,19.436,13.799,34272.36,1.0,99.403,7.17,27.4,31.4,,2.97,83.56
ESP,Europe,Spain,2020-03-26,66460.0,8954.0,3434.0,738.0,1421.459,191.51,73.447,15.784,,,,,,,,71.76,46754783.0,93.105,45.5,19.436,13.799,34272.36,1.0,99.403,7.17,27.4,31.4,,2.97,83.56
ESP,Europe,Spain,2020-03-27,75641.0,9181.0,4089.0,655.0,1617.824,196.365,87.456,14.009,,,,,,,,71.76,46754783.0,93.105,45.5,19.436,13.799,34272.36,1.0,99.403,7.17,27.4,31.4,,2.97,83.56
ESP,Europe,Spain,2020-03-28,83885.0,8244.0,4858.0,769.0,1794.148,176.324,103.904,16.448,,,,,,,,71.76,46754783.0,93.105,45.5,19.436,13.799,34272.36,1.0,99.403,7.17,27.4,31.4,,2.97,83.56
ESP,Europe,Spain,2020-03-29,90309.0,6424.0,5690.0,832.0,1931.546,137.398,121.699,17.795,,,,,,,,71.76,46754783.0,93.105,45.5,19.436,13.799,34272.36,1.0,99.403,7.17,27.4,31.4,,2.97,83.56
ESP,Europe,Spain,2020-03-30,96122.0,5813.0,6528.0,838.0,2055.875,124.33,139.622,17.923,,,,,,,,85.19,46754783.0,93.105,45.5,19.436,13.799,34272.36,1.0,99.403,7.17,27.4,31.4,,2.97,83.56
ESP,Europe,Spain,2020-03-31,104267.0,8145.0,7340.0,812.0,2230.082,174.207,156.989,17.367,,,,,,,,85.19,46754783.0,93.105,45.5,19.436,13.799,34272.36,1.0,99.403,7.17,27.4,31.4,,2.97,83.56
ESP,Europe,Spain,2020-04-01,111680.0,7413.0,8189.0,849.0,2388.633,158.551,175.148,18.159,,,,,,,,85.19,46754783.0,93.105,45.5,19.436,13.799,34272.36,1.0,99.403,7.17,27.4,31.4,,2.97,83.56
ESP,Europe,Spain,2020-04-02,119263.0,7583.0,9053.0,864.0,2550.819,162.187,193.627,18.479,,,,,,,,85.19,46754783.0,93.105,45.5,19.436,13.799,34272.36,1.0,99.403,7.17,27.4,31.4,,2.97,83.56
ESP,Europe,Spain,2020-04-03,126535.0,7272.0,10003.0,950.0,2706.354,155.535,213.946,20.319,,,,,,,,85.19,46754783.0,93.105,45.5,19.436,13.799,34272.36,1.0,99.403,7.17,27.4,31.4,,2.97,83.56
ESP,Europe,Spain,2020-04-04,133198.0,6663.0,10935.0,932.0,2848.864,142.509,233.88,19.934,,,,,,,,85.19,46754783.0,93.105,45.5,19.436,13.799,34272.36,1.0,99.403,7.17,27.4,31.4,,2.97,83.56
ESP,Europe,Spain,2020-04-05,138731.0,5533.0,11744.0,809.0,2967.204,118.341,251.183,17.303,,,,,,,,85.19,46754783.0,93.105,45.5,19.436,13.799,34272.36,1.0,99.403,7.17,27.4,31.4,,2.97,83.56
ESP,Europe,Spain,2020-04-06,142398.0,3667.0,12418.0,674.0,3045.635,78.43,265.598,14.416,,,,,,,,85.19,46754783.0,93.105,45.5,19.436,13.799,34272.36,1.0,99.403,7.17,27.4,31.4,,2.97,83.56
ESP,Europe,Spain,2020-04-07,147607.0,5209.0,13055.0,637.0,3157.046,111.411,279.223,13.624,,,,,,,,85.19,46754783.0,93.105,45.5,19.436,13.799,34272.36,1.0,99.403,7.17,27.4,31.4,,2.97,83.56
ESP,Europe,Spain,2020-04-08,153190.0,5583.0,13798.0,743.0,3276.456,119.41,295.114,15.891,,,,,,,,85.19,46754783.0,93.105,45.5,19.436,13.799,34272.36,1.0,99.403,7.17,27.4,31.4,,2.97,83.56
ESP,Europe,Spain,2020-04-09,158935.0,5745.0,14555.0,757.0,3399.331,122.875,311.305,16.191,,,,,,,,85.19,46754783.0,93.105,45.5,19.436,13.799,34272.36,1.0,99.403,7.17,27.4,31.4,,2.97,83.56
ESP,Europe,Spain,2020-04-10,163472.0,4537.0,15238.0,683.0,3496.37,97.038,325.913,14.608,,,,,,,,85.19,46754783.0,93.105,45.5,19.436,13.799,34272.36,1.0,99.403,7.17,27.4,31.4,,2.97,83.56
ESP,Europe,Spain,2020-04-11,168022.0,4550.0,15843.0,605.0,3593.686,97.316,338.853,12.94,,,,,,,,85.19,46754783.0,93.105,45.5,19.436,13.799,34272.36,1.0,99.403,7.17,27.4,31.4,,2.97,83.56
ESP,Europe,Spain,2020-04-12,171921.0,3899.0,16353.0,510.0,3677.078,83.393,349.761,10.908,,,,,,,,85.19,46754783.0,93.105,45.5,19.436,13.799,34272.36,1.0,99.403,7.17,27.4,31.4,,2.97,83.56
ESP,Europe,Spain,2020-04-13,174951.0,3030.0,16972.0,619.0,3741.885,64.806,363.0,13.239,,930230.0,19.896,,,,tests performed,85.19,46754783.0,93.105,45.5,19.436,13.799,34272.36,1.0,99.403,7.17,27.4,31.4,,2.97,83.56
ESP,Europe,Spain,2020-04-14,178067.0,3116.0,17489.0,517.0,3808.53,66.646,374.058,11.058,,,,,,,tests performed,85.19,46754783.0,93.105,45.5,19.436,13.799,34272.36,1.0,99.403,7.17,27.4,31.4,,2.97,83.56
ESP,Europe,Spain,2020-04-15,182491.0,4424.0,18276.0,787.0,3903.151,94.621,390.89,16.833,,,,,,,tests performed,85.19,46754783.0,93.105,45.5,19.436,13.799,34272.36,1.0,99.403,7.17,27.4,31.4,,2.97,83.56
ESP,Europe,Spain,2020-04-16,186311.0,3820.0,18893.0,617.0,3984.854,81.703,404.087,13.197,,,,,,,tests performed,85.19,46754783.0,93.105,45.5,19.436,13.799,34272.36,1.0,99.403,7.17,27.4,31.4,,2.97,83.56
ESP,Europe,Spain,2020-04-17,190129.0,3818.0,19478.0,585.0,4066.514,81.66,416.599,12.512,,,,,,,tests performed,85.19,46754783.0,93.105,45.5,19.436,13.799,34272.36,1.0,99.403,7.17,27.4,31.4,,2.97,83.56
ESP,Europe,Spain,2020-04-18,193965.0,3836.0,20043.0,565.0,4148.56,82.045,428.683,12.084,,,,,,,tests performed,85.19,46754783.0,93.105,45.5,19.436,13.799,34272.36,1.0,99.403,7.17,27.4,31.4,,2.97,83.56
ESP,Europe,Spain,2020-04-19,193252.0,-713.0,20453.0,410.0,4133.31,-15.25,437.453,8.769,,,,,,,tests performed,85.19,46754783.0,93.105,45.5,19.436,13.799,34272.36,1.0,99.403,7.17,27.4,31.4,,2.97,83.56
ESP,Europe,Spain,2020-04-20,195470.0,2218.0,20852.0,399.0,4180.749,47.439,445.986,8.534,,,,,10529.0,0.225,tests performed,85.19,46754783.0,93.105,45.5,19.436,13.799,34272.36,1.0,99.403,7.17,27.4,31.4,,2.97,83.56
ESP,Europe,Spain,2020-04-21,198421.0,2951.0,21282.0,430.0,4243.865,63.117,455.183,9.197,,,,,10529.0,0.225,tests performed,85.19,46754783.0,93.105,45.5,19.436,13.799,34272.36,1.0,99.403,7.17,27.4,31.4,,2.97,83.56
ESP,Europe,Spain,2020-04-22,200733.0,2312.0,21717.0,435.0,4293.315,49.449,464.487,9.304,,,,,10529.0,0.225,tests performed,85.19,46754783.0,93.105,45.5,19.436,13.799,34272.36,1.0,99.403,7.17,27.4,31.4,,2.97,83.56
ESP,Europe,Spain,2020-04-23,203649.0,2916.0,22157.0,440.0,4355.683,62.368,473.898,9.411,,1035522.0,22.148,,10529.0,0.225,tests performed,85.19,46754783.0,93.105,45.5,19.436,13.799,34272.36,1.0,99.403,7.17,27.4,31.4,,2.97,83.56
ESP,Europe,Spain,2020-04-24,205763.0,2114.0,22524.0,367.0,4400.897,45.215,481.748,7.849,,,,,15466.0,0.331,tests performed,85.19,46754783.0,93.105,45.5,19.436,13.799,34272.36,1.0,99.403,7.17,27.4,31.4,,2.97,83.56
ESP,Europe,Spain,2020-04-25,208269.0,2506.0,22902.0,378.0,4454.496,53.599,489.832,8.085,,,,,20403.0,0.436,tests performed,85.19,46754783.0,93.105,45.5,19.436,13.799,34272.36,1.0,99.403,7.17,27.4,31.4,,2.97,83.56
ESP,Europe,Spain,2020-04-26,209910.0,1641.0,23190.0,288.0,4489.594,35.098,495.992,6.16,,,,,25340.0,0.542,tests performed,85.19,46754783.0,93.105,45.5,19.436,13.799,34272.36,1.0,99.403,7.17,27.4,31.4,,2.97,83.56
ESP,Europe,Spain,2020-04-27,211570.0,1660.0,23190.0,0.0,4525.099,35.504,495.992,0.0,,,,,30276.0,0.648,tests performed,85.19,46754783.0,93.105,45.5,19.436,13.799,34272.36,1.0,99.403,7.17,27.4,31.4,,2.97,83.56
ESP,Europe,Spain,2020-04-28,213095.0,1525.0,23822.0,632.0,4557.716,32.617,509.509,13.517,,,,,35213.0,0.753,tests performed,85.19,46754783.0,93.105,45.5,19.436,13.799,34272.36,1.0,99.403,7.17,27.4,31.4,,2.97,83.56
ESP,Europe,Spain,2020-04-29,213942.0,847.0,24275.0,453.0,4575.831,18.116,519.198,9.689,,,,,40150.0,0.859,tests performed,85.19,46754783.0,93.105,45.5,19.436,13.799,34272.36,1.0,99.403,7.17,27.4,31.4,,2.97,83.56
ESP,Europe,Spain,2020-04-30,215183.0,1241.0,24543.0,268.0,4602.374,26.543,524.93,5.732,,1351130.0,28.898,,45087.0,0.964,tests performed,85.19,46754783.0,93.105,45.5,19.436,13.799,34272.36,1.0,99.403,7.17,27.4,31.4,,2.97,83.56
ESP,Europe,Spain,2020-05-01,216570.0,1387.0,24824.0,281.0,4632.039,29.665,530.94,6.01,,,,,44239.0,0.946,tests performed,85.19,46754783.0,93.105,45.5,19.436,13.799,34272.36,1.0,99.403,7.17,27.4,31.4,,2.97,83.56
ESP,Europe,Spain,2020-05-02,217804.0,1234.0,25100.0,276.0,4658.432,26.393,536.843,5.903,,,,,43392.0,0.928,tests performed,85.19,46754783.0,93.105,45.5,19.436,13.799,34272.36,1.0,99.403,7.17,27.4,31.4,,2.97,83.56
ESP,Europe,Spain,2020-05-03,218739.0,935.0,25264.0,164.0,4678.43,19.998,540.351,3.508,,,,,42544.0,0.91,tests performed,85.19,46754783.0,93.105,45.5,19.436,13.799,34272.36,1.0,99.403,7.17,27.4,31.4,,2.97,83.56
ESP,Europe,Spain,2020-05-04,219205.0,466.0,25428.0,164.0,4688.397,9.967,543.859,3.508,,,,,41697.0,0.892,tests performed,81.94,46754783.0,93.105,45.5,19.436,13.799,34272.36,1.0,99.403,7.17,27.4,31.4,,2.97,83.56
ESP,Europe,Spain,2020-05-05,220244.0,1039.0,25613.0,185.0,4710.62,22.222,547.816,3.957,,,,,40849.0,0.874,tests performed,81.94,46754783.0,93.105,45.5,19.436,13.799,34272.36,1.0,99.403,7.17,27.4,31.4,,2.97,83.56
ESP,Europe,Spain,2020-05-06,221124.0,880.0,25857.0,244.0,4729.441,18.822,553.034,5.219,,,,,40002.0,0.856,tests performed,81.94,46754783.0,93.105,45.5,19.436,13.799,34272.36,1.0,99.403,7.17,27.4,31.4,,2.97,83.56
ESP,Europe,Spain,2020-05-07,222045.0,921.0,26070.0,213.0,4749.14,19.699,557.59,4.556,,1625211.0,34.76,,39154.0,0.837,tests performed,81.94,46754783.0,93.105,45.5,19.436,13.799,34272.36,1.0,99.403,7.17,27.4,31.4,,2.97,83.56
ESP,Europe,Spain,2020-05-08,223218.0,1173.0,26251.0,181.0,4774.228,25.088,561.461,3.871,,,,,39565.0,0.846,tests performed,81.94,46754783.0,93.105,45.5,19.436,13.799,34272.36,1.0,99.403,7.17,27.4,31.4,,2.97,83.56
ESP,Europe,Spain,2020-05-09,223961.0,743.0,26478.0,227.0,4790.12,15.891,566.316,4.855,,,,,39976.0,0.855,tests performed,81.94,46754783.0,93.105,45.5,19.436,13.799,34272.36,1.0,99.403,7.17,27.4,31.4,,2.97,83.56
ESP,Europe,Spain,2020-05-10,227377.0,3416.0,26621.0,143.0,4863.182,73.062,569.375,3.059,,,,,40386.0,0.864,tests performed,81.94,46754783.0,93.105,45.5,19.436,13.799,34272.36,1.0,99.403,7.17,27.4,31.4,,2.97,83.56
ESP,Europe,Spain,2020-05-11,227770.0,393.0,26744.0,123.0,4871.587,8.406,572.006,2.631,,,,,40797.0,0.873,tests performed,81.94,46754783.0,93.105,45.5,19.436,13.799,34272.36,1.0,99.403,7.17,27.4,31.4,,2.97,83.56
ESP,Europe,Spain,2020-05-12,228252.0,482.0,26920.0,176.0,4881.896,10.309,575.77,3.764,,,,,41207.0,0.881,tests performed,81.94,46754783.0,93.105,45.5,19.436,13.799,34272.36,1.0,99.403,7.17,27.4,31.4,,2.97,83.56
ESP,Europe,Spain,2020-05-13,228691.0,439.0,27104.0,184.0,4891.286,9.389,579.705,3.935,,,,,41618.0,0.89,tests performed,83.33,46754783.0,93.105,45.5,19.436,13.799,34272.36,1.0,99.403,7.17,27.4,31.4,,2.97,83.56
ESP,Europe,Spain,2020-05-14,229540.0,849.0,27321.0,217.0,4909.444,18.159,584.347,4.641,,1919411.0,41.053,,42029.0,0.899,tests performed,83.33,46754783.0,93.105,45.5,19.436,13.799,34272.36,1.0,99.403,7.17,27.4,31.4,,2.97,83.56
ESP,Europe,Spain,2020-05-15,230183.0,643.0,27459.0,138.0,4923.197,13.753,587.298,2.952,,,,,42190.0,0.902,tests performed,83.33,46754783.0,93.105,45.5,19.436,13.799,34272.36,1.0,99.403,7.17,27.4,31.4,,2.97,83.56
ESP,Europe,Spain,2020-05-16,230698.0,515.0,27563.0,104.0,4934.212,11.015,589.523,2.224,,,,,42350.0,0.906,tests performed,83.33,46754783.0,93.105,45.5,19.436,13.799,34272.36,1.0,99.403,7.17,27.4,31.4,,2.97,83.56
ESP,Europe,Spain,2020-05-17,231350.0,652.0,27650.0,87.0,4948.157,13.945,591.383,1.861,,,,,42511.0,0.909,tests performed,79.17,46754783.0,93.105,45.5,19.436,13.799,34272.36,1.0,99.403,7.17,27.4,31.4,,2.97,83.56
ESP,Europe,Spain,2020-05-18,231606.0,256.0,27709.0,59.0,4953.632,5.475,592.645,1.262,,,,,42672.0,0.913,tests performed,79.17,46754783.0,93.105,45.5,19.436,13.799,34272.36,1.0,99.403,7.17,27.4,31.4,,2.97,83.56
ESP,Europe,Spain,2020-05-19,232037.0,431.0,27778.0,69.0,4962.851,9.218,594.121,1.476,,,,,42833.0,0.916,tests performed,79.17,46754783.0,93.105,45.5,19.436,13.799,34272.36,1.0,99.403,7.17,27.4,31.4,,2.97,83.56
ESP,Europe,Spain,2020-05-20,232555.0,518.0,27888.0,110.0,4973.93,11.079,596.474,2.353,,,,,42994.0,0.92,tests performed,79.17,46754783.0,93.105,45.5,19.436,13.799,34272.36,1.0,99.403,7.17,27.4,31.4,,2.97,83.56
ESP,Europe,Spain,2020-05-21,233037.0,482.0,27940.0,52.0,4984.239,10.309,597.586,1.112,,2221497.0,47.514,,43155.0,0.923,tests performed,79.17,46754783.0,93.105,45.5,19.436,13.799,34272.36,1.0,99.403,7.17,27.4,31.4,,2.97,83.56
ESP,Europe,Spain,2020-05-22,234824.0,1787.0,28628.0,688.0,5022.459,38.221,612.301,14.715,,,,,43413.0,0.929,tests performed,75.46,46754783.0,93.105,45.5,19.436,13.799,34272.36,1.0,99.403,7.17,27.4,31.4,,2.97,83.56
ESP,Europe,Spain,2020-05-23,235290.0,466.0,28678.0,50.0,5032.426,9.967,613.37,1.069,,,,,43672.0,0.934,tests performed,75.46,46754783.0,93.105,45.5,19.436,13.799,34272.36,1.0,99.403,7.17,27.4,31.4,,2.97,83.56
ESP,Europe,Spain,2020-05-24,235772.0,482.0,28752.0,74.0,5042.735,10.309,614.953,1.583,,,,,43930.0,0.94,tests performed,75.46,46754783.0,93.105,45.5,19.436,13.799,34272.36,1.0,99.403,7.17,27.4,31.4,,2.97,83.56
ESP,Europe,Spain,2020-05-25,235400.0,-372.0,26834.0,-1918.0,5034.779,-7.956,573.931,-41.023,,,,,44188.0,0.945,tests performed,75.46,46754783.0,93.105,45.5,19.436,13.799,34272.36,1.0,99.403,7.17,27.4,31.4,,2.97,83.56
ESP,Europe,Spain,2020-05-26,236259.0,859.0,27117.0,283.0,5053.151,18.372,579.983,6.053,,,,,44446.0,0.951,tests performed,71.76,46754783.0,93.105,45.5,19.436,13.799,34272.36,1.0,99.403,7.17,27.4,31.4,,2.97,83.56
ESP,Europe,Spain,2020-05-27,236769.0,510.0,27118.0,1.0,5064.059,10.908,580.005,0.021,,,,,44704.0,0.956,tests performed,68.06,46754783.0,93.105,45.5,19.436,13.799,34272.36,1.0,99.403,7.17,27.4,31.4,,2.97,83.56
ESP,Europe,Spain,2020-05-28,237906.0,1137.0,27119.0,1.0,5088.378,24.318,580.026,0.021,,2536234.0,54.245,,44962.0,0.962,tests performed,68.06,46754783.0,93.105,45.5,19.436,13.799,34272.36,1.0,99.403,7.17,27.4,31.4,,2.97,83.56
ESP,Europe,Spain,2020-05-29,238564.0,658.0,27121.0,2.0,5102.451,14.073,580.069,0.043,,,,,44389.0,0.949,tests performed,68.06,46754783.0,93.105,45.5,19.436,13.799,34272.36,1.0,99.403,7.17,27.4,31.4,,2.97,83.56
ESP,Europe,Spain,2020-05-30,239228.0,664.0,27125.0,4.0,5116.653,14.202,580.155,0.086,,,,,43816.0,0.937,tests performed,68.06,46754783.0,93.105,45.5,19.436,13.799,34272.36,1.0,99.403,7.17,27.4,31.4,,2.97,83.56
ESP,Europe,Spain,2020-05-31,239429.0,201.0,27127.0,2.0,5120.952,4.299,580.197,0.043,,,,,43243.0,0.925,tests performed,68.06,46754783.0,93.105,45.5,19.436,13.799,34272.36,1.0,99.403,7.17,27.4,31.4,,2.97,83.56
ESP,Europe,Spain,2020-06-01,239638.0,209.0,27127.0,0.0,5125.422,4.47,580.197,0.0,,,,,42669.0,0.913,tests performed,66.67,46754783.0,93.105,45.5,19.436,13.799,34272.36,1.0,99.403,7.17,27.4,31.4,,2.97,83.56
ESP,Europe,Spain,2020-06-02,239932.0,294.0,27127.0,0.0,5131.71,6.288,580.197,0.0,,,,,42096.0,0.9,tests performed,66.67,46754783.0,93.105,45.5,19.436,13.799,34272.36,1.0,99.403,7.17,27.4,31.4,,2.97,83.56
ESP,Europe,Spain,2020-06-03,240326.0,394.0,27128.0,1.0,5140.137,8.427,580.219,0.021,,,,,41523.0,0.888,tests performed,66.67,46754783.0,93.105,45.5,19.436,13.799,34272.36,1.0,99.403,7.17,27.4,31.4,,2.97,83.56
ESP,Europe,Spain,2020-06-04,240660.0,334.0,27133.0,5.0,5147.281,7.144,580.326,0.107,,2822880.0,60.376,,40949.0,0.876,tests performed,66.67,46754783.0,93.105,45.5,19.436,13.799,34272.36,1.0,99.403,7.17,27.4,31.4,,2.97,83.56
ESP,Europe,Spain,2020-06-05,240978.0,318.0,27134.0,1.0,5154.082,6.801,580.347,0.021,,,,,39974.0,0.855,tests performed,66.67,46754783.0,93.105,45.5,19.436,13.799,34272.36,1.0,99.403,7.17,27.4,31.4,,2.97,83.56
ESP,Europe,Spain,2020-06-06,241310.0,332.0,27135.0,1.0,5161.183,7.101,580.368,0.021,,,,,38999.0,0.834,tests performed,66.67,46754783.0,93.105,45.5,19.436,13.799,34272.36,1.0,99.403,7.17,27.4,31.4,,2.97,83.56
ESP,Europe,Spain,2020-06-07,241550.0,240.0,27136.0,1.0,5166.316,5.133,580.39,0.021,,,,,38024.0,0.813,tests performed,66.67,46754783.0,93.105,45.5,19.436,13.799,34272.36,1.0,99.403,7.17,27.4,31.4,,2.97,83.56
ESP,Europe,Spain,2020-06-08,241717.0,167.0,27136.0,0.0,5169.888,3.572,580.39,0.0,,,,,37048.0,0.792,tests performed,57.41,46754783.0,93.105,45.5,19.436,13.799,34272.36,1.0,99.403,7.17,27.4,31.4,,2.97,83.56
ESP,Europe,Spain,2020-06-09,241966.0,249.0,27136.0,0.0,5175.214,5.326,580.39,0.0,,,,,36073.0,0.772,tests performed,57.41,46754783.0,93.105,45.5,19.436,13.799,34272.36,1.0,99.403,7.17,27.4,31.4,,2.97,83.56
ESP,Europe,Spain,2020-06-10,242280.0,314.0,27136.0,0.0,5181.93,6.716,580.39,0.0,,,,,35098.0,0.751,tests performed,57.41,46754783.0,93.105,45.5,19.436,13.799,34272.36,1.0,99.403,7.17,27.4,31.4,,2.97,83.56
ESP,Europe,Spain,2020-06-11,242707.0,427.0,27136.0,0.0,5191.062,9.133,580.39,0.0,,3061738.0,65.485,,34123.0,0.73,tests performed,57.41,46754783.0,93.105,45.5,19.436,13.799,34272.36,1.0,99.403,7.17,27.4,31.4,,2.97,83.56
ESP,Europe,Spain,2020-06-12,243209.0,502.0,27136.0,0.0,5201.799,10.737,580.39,0.0,,,,,33914.0,0.725,tests performed,57.41,46754783.0,93.105,45.5,19.436,13.799,34272.36,1.0,99.403,7.17,27.4,31.4,,2.97,83.56
ESP,Europe,Spain,2020-06-13,243605.0,396.0,27136.0,0.0,5210.269,8.47,580.39,0.0,,,,,33706.0,0.721,tests performed,57.41,46754783.0,93.105,45.5,19.436,13.799,34272.36,1.0,99.403,7.17,27.4,31.4,,2.97,83.56
ESP,Europe,Spain,2020-06-14,243928.0,323.0,27136.0,0.0,5217.177,6.908,580.39,0.0,,,,,33498.0,0.716,tests performed,57.41,46754783.0,93.105,45.5,19.436,13.799,34272.36,1.0,99.403,7.17,27.4,31.4,,2.97,83.56
ESP,Europe,Spain,2020-06-15,244109.0,181.0,27136.0,0.0,5221.049,3.871,580.39,0.0,,,,,33289.0,0.712,tests performed,57.41,46754783.0,93.105,45.5,19.436,13.799,34272.36,1.0,99.403,7.17,27.4,31.4,,2.97,83.56
ESP,Europe,Spain,2020-06-16,244328.0,219.0,27136.0,0.0,5225.733,4.684,580.39,0.0,,,,,33081.0,0.708,tests performed,57.41,46754783.0,93.105,45.5,19.436,13.799,34272.36,1.0,99.403,7.17,27.4,31.4,,2.97,83.56
ESP,Europe,Spain,2020-06-17,244683.0,355.0,27136.0,0.0,5233.326,7.593,580.39,0.0,,,,,32873.0,0.703,tests performed,57.41,46754783.0,93.105,45.5,19.436,13.799,34272.36,1.0,99.403,7.17,27.4,31.4,,2.97,83.56
ESP,Europe,Spain,2020-06-18,245268.0,585.0,27136.0,0.0,5245.838,12.512,580.39,0.0,,3290388.0,70.375,,32664.0,0.699,tests performed,57.41,46754783.0,93.105,45.5,19.436,13.799,34272.36,1.0,99.403,7.17,27.4,31.4,,2.97,83.56
ESP,Europe,Spain,2020-06-19,245575.0,307.0,28315.0,1179.0,5252.404,6.566,605.606,25.217,,,,,31666.0,0.677,tests performed,57.41,46754783.0,93.105,45.5,19.436,13.799,34272.36,1.0,99.403,7.17,27.4,31.4,,2.97,83.56
ESP,Europe,Spain,2020-06-20,245938.0,363.0,28322.0,7.0,5260.168,7.764,605.756,0.15,,,,,30668.0,0.656,tests performed,57.41,46754783.0,93.105,45.5,19.436,13.799,34272.36,1.0,99.403,7.17,27.4,31.4,,2.97,83.56
ESP,Europe,Spain,2020-06-21,246272.0,334.0,28323.0,1.0,5267.311,7.144,605.778,0.021,,,,,29670.0,0.635,tests performed,33.8,46754783.0,93.105,45.5,19.436,13.799,34272.36,1.0,99.403,7.17,27.4,31.4,,2.97,83.56
ESP,Europe,Spain,2020-06-22,246504.0,232.0,28324.0,1.0,5272.273,4.962,605.799,0.021,,,,,28672.0,0.613,tests performed,33.8,46754783.0,93.105,45.5,19.436,13.799,34272.36,1.0,99.403,7.17,27.4,31.4,,2.97,83.56
ESP,Europe,Spain,2020-06-23,246752.0,248.0,28325.0,1.0,5277.578,5.304,605.82,0.021,,,,,27674.0,0.592,tests performed,33.8,46754783.0,93.105,45.5,19.436,13.799,34272.36,1.0,99.403,7.17,27.4,31.4,,2.97,83.56
ESP,Europe,Spain,2020-06-24,247086.0,334.0,28327.0,2.0,5284.721,7.144,605.863,0.043,,,,,26676.0,0.571,tests performed,33.8,46754783.0,93.105,45.5,19.436,13.799,34272.36,1.0,99.403,7.17,27.4,31.4,,2.97,83.56
ESP,Europe,Spain,2020-06-25,247486.0,400.0,28330.0,3.0,5293.277,8.555,605.927,0.064,,3470130.0,74.22,,25677.0,0.549,tests performed,33.8,46754783.0,93.105,45.5,19.436,13.799,34272.36,1.0,99.403,7.17,27.4,31.4,,2.97,83.56
ESP,Europe,Spain,2020-06-26,247905.0,419.0,28338.0,8.0,5302.238,8.962,606.098,0.171,,,,,25567.0,0.547,tests performed,33.8,46754783.0,93.105,45.5,19.436,13.799,34272.36,1.0,99.403,7.17,27.4,31.4,,2.97,83.56
ESP,Europe,Spain,2020-06-27,248469.0,564.0,28341.0,3.0,5314.301,12.063,606.163,0.064,,,,,25456.0,0.544,tests performed,33.8,46754783.0,93.105,45.5,19.436,13.799,34272.36,1.0,99.403,7.17,27.4,31.4,,2.97,83.56
ESP,Europe,Spain,2020-06-28,248770.0,301.0,28343.0,2.0,5320.739,6.438,606.205,0.043,,,,,25346.0,0.542,tests performed,33.8,46754783.0,93.105,45.5,19.436,13.799,34272.36,1.0,99.403,7.17,27.4,31.4,,2.97,83.56
ESP,Europe,Spain,2020-06-29,248970.0,200.0,28346.0,3.0,5325.017,4.278,606.27,0.064,,,,,25235.0,0.54,tests performed,33.8,46754783.0,93.105,45.5,19.436,13.799,34272.36,1.0,99.403,7.17,27.4,31.4,,2.97,83.56
ESP,Europe,Spain,2020-06-30,249271.0,301.0,28355.0,9.0,5331.455,6.438,606.462,0.192,,,,,25125.0,0.537,tests performed,33.8,46754783.0,93.105,45.5,19.436,13.799,34272.36,1.0,99.403,7.17,27.4,31.4,,2.97,83.56
ESP,Europe,Spain,2020-07-01,249659.0,388.0,28363.0,8.0,5339.753,8.299,606.633,0.171,,,,,25014.0,0.535,tests performed,33.8,46754783.0,93.105,45.5,19.436,13.799,34272.36,1.0,99.403,7.17,27.4,31.4,,2.97,83.56
ESP,Europe,Spain,2020-07-02,250103.0,444.0,28368.0,5.0,5349.25,9.496,606.74,0.107,,3644458.0,77.948,,24904.0,0.533,tests performed,33.8,46754783.0,93.105,45.5,19.436,13.799,34272.36,1.0,99.403,7.17,27.4,31.4,,2.97,83.56
ESP,Europe,Spain,2020-07-03,250545.0,442.0,28385.0,17.0,5358.703,9.454,607.104,0.364,,,,,25535.0,0.546,tests performed,33.8,46754783.0,93.105,45.5,19.436,13.799,34272.36,1.0,99.403,7.17,27.4,31.4,,2.97,83.56
ESP,Europe,Spain,2020-07-04,250545.0,0.0,28385.0,0.0,5358.703,0.0,607.104,0.0,,,,,26166.0,0.56,tests performed,49.54,46754783.0,93.105,45.5,19.436,13.799,34272.36,1.0,99.403,7.17,27.4,31.4,,2.97,83.56
ESP,Europe,Spain,2020-07-05,250545.0,0.0,28385.0,0.0,5358.703,0.0,607.104,0.0,,,,,26797.0,0.573,tests performed,49.54,46754783.0,93.105,45.5,19.436,13.799,34272.36,1.0,99.403,7.17,27.4,31.4,,2.97,83.56
ESP,Europe,Spain,2020-07-06,251789.0,1244.0,28388.0,3.0,5385.31,26.607,607.168,0.064,,,,,27428.0,0.587,tests performed,49.54,46754783.0,93.105,45.5,19.436,13.799,34272.36,1.0,99.403,7.17,27.4,31.4,,2.97,83.56
ESP,Europe,Spain,2020-07-07,252130.0,341.0,28392.0,4.0,5392.603,7.293,607.253,0.086,,,,,28059.0,0.6,tests performed,49.54,46754783.0,93.105,45.5,19.436,13.799,34272.36,1.0,99.403,7.17,27.4,31.4,,2.97,83.56
ESP,Europe,Spain,2020-07-08,252513.0,383.0,28396.0,4.0,5400.795,8.192,607.339,0.086,,,,,28690.0,0.614,tests performed,49.54,46754783.0,93.105,45.5,19.436,13.799,34272.36,1.0,99.403,7.17,27.4,31.4,,2.97,83.56
ESP,Europe,Spain,2020-07-09,253056.0,543.0,28401.0,5.0,5412.409,11.614,607.446,0.107,,3849701.0,82.338,,29320.0,0.627,tests performed,49.54,46754783.0,93.105,45.5,19.436,13.799,34272.36,1.0,99.403,7.17,27.4,31.4,,2.97,83.56
ESP,Europe,Spain,2020-07-10,253908.0,852.0,28403.0,2.0,5430.632,18.223,607.489,0.043,,,,,29702.0,0.635,tests performed,49.54,46754783.0,93.105,45.5,19.436,13.799,34272.36,1.0,99.403,7.17,27.4,31.4,,2.97,83.56
ESP,Europe,Spain,2020-07-11,253908.0,0.0,28403.0,0.0,5430.632,0.0,607.489,0.0,,,,,30085.0,0.643,tests performed,49.54,46754783.0,93.105,45.5,19.436,13.799,34272.36,1.0,99.403,7.17,27.4,31.4,,2.97,83.56
ESP,Europe,Spain,2020-07-12,253908.0,0.0,28403.0,0.0,5430.632,0.0,607.489,0.0,,,,,30467.0,0.652,tests performed,49.54,46754783.0,93.105,45.5,19.436,13.799,34272.36,1.0,99.403,7.17,27.4,31.4,,2.97,83.56
ESP,Europe,Spain,2020-07-13,255953.0,2045.0,28406.0,3.0,5474.37,43.739,607.553,0.064,,,,,30849.0,0.66,tests performed,49.54,46754783.0,93.105,45.5,19.436,13.799,34272.36,1.0,99.403,7.17,27.4,31.4,,2.97,83.56
ESP,Europe,Spain,2020-07-14,256619.0,666.0,28409.0,3.0,5488.615,14.245,607.617,0.064,,,,,31231.0,0.668,tests performed,49.54,46754783.0,93.105,45.5,19.436,13.799,34272.36,1.0,99.403,7.17,27.4,31.4,,2.97,83.56
ESP,Europe,Spain,2020-07-15,257494.0,875.0,28413.0,4.0,5507.33,18.715,607.703,0.086,,,,,31613.0,0.676,tests performed,58.8,46754783.0,93.105,45.5,19.436,13.799,34272.36,1.0,99.403,7.17,27.4,31.4,,2.97,83.56
ESP,Europe,Spain,2020-07-16,258855.0,1361.0,28416.0,3.0,5536.439,29.109,607.767,0.064,,4073664.0,87.128,,31995.0,0.684,tests performed,58.8,46754783.0,93.105,45.5,19.436,13.799,34272.36,1.0,99.403,7.17,27.4,31.4,,2.97,83.56
ESP,Europe,Spain,2020-07-17,260255.0,1400.0,28420.0,4.0,5566.382,29.943,607.852,0.086,,,,,,,,58.8,46754783.0,93.105,45.5,19.436,13.799,34272.36,1.0,99.403,7.17,27.4,31.4,,2.97,83.56
ESP,Europe,Spain,2020-07-18,260255.0,0.0,28420.0,0.0,5566.382,0.0,607.852,0.0,,,,,,,,58.8,46754783.0,93.105,45.5,19.436,13.799,34272.36,1.0,99.403,7.17,27.4,31.4,,2.97,83.56
ESP,Europe,Spain,2020-07-19,260255.0,0.0,28420.0,0.0,5566.382,0.0,607.852,0.0,,,,,,,,58.8,46754783.0,93.105,45.5,19.436,13.799,34272.36,1.0,99.403,7.17,27.4,31.4,,2.97,83.56
ESP,Europe,Spain,2020-07-20,264836.0,4581.0,28422.0,2.0,5664.362,97.979,607.895,0.043,,,,,,,,58.8,46754783.0,93.105,45.5,19.436,13.799,34272.36,1.0,99.403,7.17,27.4,31.4,,2.97,83.56
ESP,Europe,Spain,2020-07-21,266194.0,1358.0,28424.0,2.0,5693.407,29.045,607.938,0.043,,,,,,,,58.8,46754783.0,93.105,45.5,19.436,13.799,34272.36,1.0,99.403,7.17,27.4,31.4,,2.97,83.56
ESP,Europe,Spain,2020-07-22,267551.0,1357.0,28426.0,2.0,5722.431,29.024,607.981,0.043,,,,,,,,58.8,46754783.0,93.105,45.5,19.436,13.799,34272.36,1.0,99.403,7.17,27.4,31.4,,2.97,83.56
ESP,Europe,Spain,2020-07-23,270166.0,2615.0,28429.0,3.0,5778.361,55.93,608.045,0.064,,,,,,,,58.8,46754783.0,93.105,45.5,19.436,13.799,34272.36,1.0,99.403,7.17,27.4,31.4,,2.97,83.56
ESP,Europe,Spain,2020-07-24,272421.0,2255.0,28432.0,3.0,5826.591,48.23,608.109,0.064,,,,,,,,58.8,46754783.0,93.105,45.5,19.436,13.799,34272.36,1.0,99.403,7.17,27.4,31.4,,2.97,83.56
ESP,Europe,Spain,2020-07-25,272421.0,0.0,28432.0,0.0,5826.591,0.0,608.109,0.0,,,,,,,,58.8,46754783.0,93.105,45.5,19.436,13.799,34272.36,1.0,99.403,7.17,27.4,31.4,,2.97,83.56
LKA,Asia,Sri Lanka,2019-12-31,0.0,0.0,0.0,0.0,0.0,0.0,0.0,0.0,,,,,,,,,21413250.0,341.955,34.1,10.069,5.331,11669.077,0.7,197.093,10.68,0.3,27.0,,3.6,76.98
LKA,Asia,Sri Lanka,2020-01-01,0.0,0.0,0.0,0.0,0.0,0.0,0.0,0.0,,,,,,,,0.0,21413250.0,341.955,34.1,10.069,5.331,11669.077,0.7,197.093,10.68,0.3,27.0,,3.6,76.98
LKA,Asia,Sri Lanka,2020-01-02,0.0,0.0,0.0,0.0,0.0,0.0,0.0,0.0,,,,,,,,0.0,21413250.0,341.955,34.1,10.069,5.331,11669.077,0.7,197.093,10.68,0.3,27.0,,3.6,76.98
LKA,Asia,Sri Lanka,2020-01-03,0.0,0.0,0.0,0.0,0.0,0.0,0.0,0.0,,,,,,,,0.0,21413250.0,341.955,34.1,10.069,5.331,11669.077,0.7,197.093,10.68,0.3,27.0,,3.6,76.98
LKA,Asia,Sri Lanka,2020-01-04,0.0,0.0,0.0,0.0,0.0,0.0,0.0,0.0,,,,,,,,0.0,21413250.0,341.955,34.1,10.069,5.331,11669.077,0.7,197.093,10.68,0.3,27.0,,3.6,76.98
LKA,Asia,Sri Lanka,2020-01-05,0.0,0.0,0.0,0.0,0.0,0.0,0.0,0.0,,,,,,,,0.0,21413250.0,341.955,34.1,10.069,5.331,11669.077,0.7,197.093,10.68,0.3,27.0,,3.6,76.98
